{
"scenario_name": "Stream priority preemption test",
"benchmark_name": "Timer Spin",
"label": "Kernel 3",
"max_resident_threads": 4096,
"data_size": 0,
"release_time": 0.400000,
"PID": 22686,
"TID": 22700,
"times": [{},
{"copy_in_times": [0.479456182,0.479456703], "execute_times": [0.479457016,2.521198277], "copy_out_times": [2.521199006,2.521341922], "cpu_times": [0.479456182,2.521341922]},
{"kernel_name": "GPUSpin", "block_count": 8, "thread_count": 1024, "shared_memory": 0, "kernel_times": [0.903991900, 2.531714045], "block_times": [0.903991900,1.717852192,0.903991900,1.717851462,0.903992057,1.717851931,0.903992004,1.717851410,1.717853181,2.531712379,1.717853181,2.531712952,1.717853285,2.531712795,1.717853337,2.531712691], "block_smids": [0,1,0,1,0,1,1,0], "cpu_core": 3}
]}