{
"scenario_name": "Stream priority preemption test",
"benchmark_name": "Timer Spin",
"label": "Kernel 1",
"max_resident_threads": 4096,
"data_size": 0,
"release_time": 0.000000,
"PID": 22686,
"TID": 22698,
"times": [{},
{"copy_in_times": [0.079368105,0.079368678], "execute_times": [0.079368991,3.335011875], "copy_out_times": [3.335012396,4.963301624], "cpu_times": [0.079368105,4.963301624]},
{"kernel_name": "GPUSpin", "block_count": 8, "thread_count": 1024, "shared_memory": 0, "kernel_times": [0.090130463, 3.345575639], "block_times": [0.090130463,0.903990025,0.090130463,0.903989973,0.090130671,0.903990286,0.090130671,0.903990598,2.531714566,3.345574806,2.531714566,3.345574181,2.531714775,3.345574337,2.531714775,3.345575066], "block_smids": [0,1,0,1,1,0,0,1], "cpu_core": 1}
]}