{
"scenario_name": "Stream priority preemption test",
"benchmark_name": "Timer Spin",
"label": "Kernel 2",
"max_resident_threads": 4096,
"data_size": 0,
"release_time": 0.200000,
"PID": 22686,
"TID": 22699,
"times": [{},
{"copy_in_times": [0.279447118,0.279447951], "execute_times": [0.279448472,4.962790009], "copy_out_times": [4.962790634,4.963273343], "cpu_times": [0.279447118,4.963273343]},
{"kernel_name": "GPUSpin", "block_count": 8, "thread_count": 1024, "shared_memory": 0, "kernel_times": [3.345576056, 4.973298305], "block_times": [3.345576056,4.159436191,3.345576212,4.159435982,3.345576056,4.159435930,3.345576212,4.159436034,4.159437389,4.973297211,4.159437493,4.973297576,4.159437597,4.973296899,4.159437493,4.973297628], "block_smids": [0,0,1,1,1,0,0,1], "cpu_core": 2}
]}